﻿<?xml version="1.0" encoding="utf-8"?>
<Defs>
  <!--ThemeTags: Anarchist Socialist Hereditary Authoritarian Dangerous Revolution Spritual  -->
  <Amnabi.FlagPatternDef>
    <defName>Pattern_Circle</defName>
    <label>circle</label>
    <texture>Flags/Pattern_Circle</texture>
    <category>Category.BasicShape</category>
	<tags>
		<li>Background</li>
		<li>EmblemBase</li>
	</tags>
  </Amnabi.FlagPatternDef>
  
  <Amnabi.FlagPatternDef>
    <defName>Pattern_Diamond</defName>
    <label>diamond</label>
    <texture>Flags/Pattern_Diamond</texture>
    <category>Category.BasicShape</category>
	<tags>
		<li>Background</li>
		<li>EmblemBase</li>
	</tags>
  </Amnabi.FlagPatternDef>
  
  <Amnabi.FlagPatternDef>
    <defName>Pattern_E_Cresent</defName>
    <label>cresent</label>
    <texture>Flags/Pattern_E_Cresent</texture>
    <category>Category.BasicShape</category>
	<tags>
		<li>EmblemTop</li>
	</tags>
	<availableRandomizedAngles>
		<li>0</li>
		<li>45</li>
		<li>90</li>
		<li>135</li>
		<li>180</li>
		<li>225</li>
		<li>270</li>
		<li>315</li>
	</availableRandomizedAngles>
  </Amnabi.FlagPatternDef>
  
  <Amnabi.FlagPatternDef>
    <defName>Pattern_SemiCircle</defName>
    <label>semicircle</label>
    <texture>Flags/Pattern_SemiCircle</texture>
    <category>Category.BasicShape</category>
  </Amnabi.FlagPatternDef>
  
  <Amnabi.FlagPatternDef>
    <defName>Pattern_Square</defName>
    <label>square</label>
    <texture>Flags/Pattern_Square</texture>
    <category>Category.BasicShape</category>
	<tags>
		<li>Background</li>
		<li>EmblemBase</li>
	</tags>
  </Amnabi.FlagPatternDef>
  
  <Amnabi.FlagPatternDef>
    <defName>Pattern_Star5</defName>
    <label>5-pointed star</label>
    <texture>Flags/Pattern_Star5</texture>
    <category>Category.BasicShape</category>
	<tags>
		<li>EmblemBase</li>
		<li>EmblemTop</li>
	</tags>
	<themeTags>
		<li>Spritual</li>
	</themeTags>
  </Amnabi.FlagPatternDef>
  
  <Amnabi.FlagPatternDef>
    <defName>Pattern_Star6</defName>
    <label>6-pointed star</label>
    <texture>Flags/Pattern_Star6</texture>
    <category>Category.BasicShape</category>
	<tags>
		<li>EmblemBase</li>
		<li>EmblemTop</li>
	</tags>
	<themeTags>
		<li>Spritual</li>
	</themeTags>
  </Amnabi.FlagPatternDef>
  
  <Amnabi.FlagPatternDef>
    <defName>Pattern_TriangleA</defName>
    <label>Triangle 1</label>
    <texture>Flags/Pattern_TriangleA</texture>
    <category>Category.BasicShape</category>
	<tags>
	</tags>
  </Amnabi.FlagPatternDef>
  
  <Amnabi.FlagPatternDef>
    <defName>Pattern_TriangleB</defName>
    <label>Triangle 2</label>
    <texture>Flags/Pattern_TriangleB</texture>
    <category>Category.BasicShape</category>
	<tags>
		<li>Background</li>
	</tags>
  </Amnabi.FlagPatternDef>
  
  <Amnabi.FlagPatternDef>
    <defName>Pattern_E_Hammer</defName>
    <label>hammer</label>
    <texture>Flags/Pattern_E_Hammer</texture>
    <category>Category.WeaponTool</category>
	<tags>
		<li>LongStick</li>
		<li>Tool</li>
	</tags>
	<themeTags>
		<li>Anarchist</li>
		<li>Socialist</li>
	</themeTags>
  </Amnabi.FlagPatternDef>
  
  <Amnabi.FlagPatternDef>
    <defName>Pattern_E_Sickle</defName>
    <label>sickle</label>
    <texture>Flags/Pattern_E_Sickle</texture>
    <category>Category.WeaponTool</category>
	<tags>
		<li>LongStick</li>
		<li>Tool</li>
	</tags>
	<themeTags>
		<li>Anarchist</li>
		<li>Socialist</li>
	</themeTags>
  </Amnabi.FlagPatternDef>
  
  <Amnabi.FlagPatternDef>
    <defName>Pattern_E_Sword</defName>
    <label>sword</label>
    <texture>Flags/Pattern_E_Sword</texture>
    <category>Category.WeaponTool</category>
	<tags>
		<li>LongStick</li>
		<li>Tool</li>
	</tags>
  </Amnabi.FlagPatternDef>

  <Amnabi.FlagPatternDef>
    <defName>Pattern_E_Sticks</defName>
    <label>Fasces Sticks</label>
    <texture>Flags/Pattern_E_Sticks</texture>
    <category>Category.WeaponTool</category>
	<tags>
		<li>Tool</li>
	</tags>
  </Amnabi.FlagPatternDef>

  <Amnabi.FlagPatternDef>
    <defName>Pattern_E_Axe</defName>
    <label>Axe</label>
    <texture>Flags/Pattern_E_Axe</texture>
    <category>Category.WeaponTool</category>
	<tags>
		<li>LongStick</li>
		<li>Tool</li>
	</tags>
  </Amnabi.FlagPatternDef>

  <Amnabi.FlagPatternDef>
    <defName>Pattern_E_Arrow</defName>
    <label>Arrow</label>
    <texture>Flags/Pattern_E_Arrow</texture>
    <category>Category.WeaponTool</category>
	<tags>
		<li>LongStick</li>
		<li>Tool</li>
	</tags>
  </Amnabi.FlagPatternDef>
  
  <Amnabi.FlagPatternDef>
    <defName>Pattern_E_Skull</defName>
    <label>Skull and bones</label>
    <texture>Flags/Pattern_E_Skull</texture>
    <category>Category.Misc</category>
	<tags>
		<li>EmblemTop</li>
	</tags>
	<themeTags>
		<li>Anarchist</li>
		<li>Dangerous</li>
	</themeTags>
  </Amnabi.FlagPatternDef>

  <Amnabi.FlagPatternDef>
    <defName>Pattern_Wave</defName>
    <label>wave</label>
    <texture>Flags/Pattern_Wave</texture>
    <category>Category.Misc</category>
	<tags>
		<li>HorizontalRepeatable</li>
	</tags>
	<themeTags>
		<li>Oceanic</li>
	</themeTags>
  </Amnabi.FlagPatternDef>

  <Amnabi.FlagPatternDef>
    <defName>Pattern_WaveB</defName>
    <label>wave B</label>
    <texture>Flags/Pattern_WaveB</texture>
    <category>Category.Misc</category>
	<tags>
		<li>HorizontalRepeatable</li>
	</tags>
	<themeTags>
		<li>Oceanic</li>
	</themeTags>
  </Amnabi.FlagPatternDef>

  <Amnabi.FlagPatternDef>
    <defName>Pattern_ShieldA</defName>
    <label>Shield A</label>
    <texture>Flags/Pattern_ShieldA</texture>
    <category>Category.WeaponTool</category>
	<tags>
		<li>EmblemBase</li>
	</tags>
	<themeTags>
		<li>Hereditary</li>
		<li>Authoritarian</li>
	</themeTags>
    <generateScale>(1.2, 1.2)</generateScale>
  </Amnabi.FlagPatternDef>
  <Amnabi.FlagPatternDef>
    <defName>Pattern_ShieldB</defName>
    <label>Shield B</label>
    <texture>Flags/Pattern_ShieldB</texture>
    <category>Category.WeaponTool</category>
	<tags>
		<li>EmblemBase</li>
	</tags>
	<themeTags>
		<li>Hereditary</li>
		<li>Authoritarian</li>
	</themeTags>
    <generateScale>(1.2, 1.2)</generateScale>
  </Amnabi.FlagPatternDef>
  <Amnabi.FlagPatternDef>
    <defName>Pattern_AK47</defName>
    <label>AK47</label>
    <texture>Flags/Pattern_AK47</texture>
    <category>Category.WeaponTool</category>
	<tags>
		<li>LongStick</li>
		<li>Tool</li>
	</tags>
	<themeTags>
		<li>Revolution</li>
		<li>Anarchist</li>
		<li>Dangerous</li>
	</themeTags>
	<availableRandomizedAngles>
		<li>90</li>
	</availableRandomizedAngles>
  </Amnabi.FlagPatternDef>
  <Amnabi.FlagPatternDef>
    <defName>Pattern_Fire</defName>
    <label>Fire</label>
    <texture>Flags/Pattern_Fire</texture>
    <category>Category.Misc</category>
	<tags>
		<li>EmblemTop</li>
	</tags>
	<themeTags>
		<li>Spritual</li>
	</themeTags>
  </Amnabi.FlagPatternDef>
  <Amnabi.FlagPatternDef>
    <defName>Pattern_WingA</defName>
    <label>WingA</label>
    <texture>Flags/Pattern_WingA</texture>
    <category>Category.Animals</category>
	<tags>
		<li>Wing</li>
	</tags>
	<themeTags>
		<li>Hereditary</li>
		<li>Authoritarian</li>
	</themeTags>
  </Amnabi.FlagPatternDef>
  <Amnabi.FlagPatternDef>
    <defName>Pattern_WingB</defName>
    <label>WingB</label>
    <texture>Flags/Pattern_WingB</texture>
    <category>Category.Animals</category>
	<tags>
		<li>Wing</li>
	</tags>
	<themeTags>
		<li>Hereditary</li>
		<li>Authoritarian</li>
	</themeTags>
  </Amnabi.FlagPatternDef>
  <Amnabi.FlagPatternDef>
    <defName>Pattern_WingC</defName>
    <label>WingC</label>
    <texture>Flags/Pattern_WingC</texture>
    <category>Category.Animals</category>
	<tags>
		<li>Wing</li>
	</tags>
	<themeTags>
		<li>Hereditary</li>
		<li>Authoritarian</li>
	</themeTags>
  </Amnabi.FlagPatternDef>
  
  <Amnabi.FlagPatternDef>
    <defName>Pattern_Star8</defName>
    <label>8-pointed star</label>
    <texture>Flags/Pattern_Star8</texture>
    <category>Category.BasicShape</category>
	<tags>
		<li>EmblemBase</li>
		<li>EmblemTop</li>
	</tags>
	<themeTags>
		<li>Spritual</li>
	</themeTags>
  </Amnabi.FlagPatternDef>
  
  <Amnabi.FlagPatternDef>
    <defName>Pattern_RomanCrown</defName>
    <label>Roman Crown</label>
    <texture>Flags/Pattern_RomanCrown</texture>
    <category>Category.Misc</category>
	<tags>
		<li>EmblemBase</li>
		<li>EmblemTop</li>
	</tags>
    <generateScale>(1.3, 1.3)</generateScale>
  </Amnabi.FlagPatternDef>
</Defs>